<?xml version="1.0" encoding="UTF-8"?>
<beans xmlns="http://www.springframework.org/schema/beans"
       xmlns:xsi="http://www.w3.org/2001/XMLSchema-instance" xmlns:tx="http://www.springframework.org/schema/tx"
       xmlns:context="http://www.springframework.org/schema/context"
       xsi:schemaLocation="http://www.springframework.org/schema/beans http://www.springframework.org/schema/beans/spring-beans-3.2.xsd
              http://www.springframework.org/schema/context http://www.springframework.org/schema/context/spring-context-3.2.xsd
              http://www.springframework.org/schema/tx http://www.springframework.org/schema/tx/spring-tx-3.2.xsd">


       <context:annotation-config />
       <context:component-scan base-package="com.cg" />

       <!-- This bean is required to load ORM persistence and related annotations -->

       <bean
              class="org.springframework.orm.jpa.support.PersistenceAnnotationBeanPostProcessor" />

       <!-- this bean will hold reference to our database -->
       <bean id="dataSource" class="org.springframework.jdbc.datasource.DriverManagerDataSource">

              <property name="driverClassName" value="com.mysql.jdbc.Driver" />
              <property name="url" value="jdbc:mysql://localhost:3306/demodb" />
              <property name="username" value="root" />
              <property name="password" value="pass" />



       </bean>

       <!-- Spring way of entity manager factory configuration -->

       <bean id="entityManagerFactory" class="org.springframework.orm.jpa.LocalContainerEntityManagerFactoryBean">

              <property name="dataSource" ref="dataSource" />
              <property name="packagesToScan" value="com.cg.entities"></property>
              <property name="persistenceProviderClass"
                     value="org.hibernate.jpa.HibernatePersistenceProvider"></property>
              <property name="jpaPropertyMap">

                     <map>
                           <entry key="hibernate.dialect" value="org.hibernate.dialect.MySQLDialect" />
                           <entry key="hibernate.hbm2ddl.auto" value="create" />
                     </map>
              </property>
       </bean>


       <!-- This bean will handle all transaction within an application -->
       <bean id="transactionManager" class="org.springframework.orm.jpa.JpaTransactionManager">
              <property name="entityManagerFactory" ref="entityManagerFactory"></property>
       </bean>
       <!-- This is required to handle transaction via annotations like @Transactional -->
       <tx:annotation-driven transaction-manager="transactionManager" />

</beans>             
