<?xml version="1.0" encoding="UTF-8"?>


<beans xmlns="http://www.springframework.org/schema/beans"
	xmlns:xsi="http://www.w3.org/2001/XMLSchema-instance" xmlns:aop="http://www.springframework.org/schema/aop"
	xmlns:c="http://www.springframework.org/schema/c" xmlns:cache="http://www.springframework.org/schema/cache"
	xmlns:context="http://www.springframework.org/schema/context"
	xmlns:jee="http://www.springframework.org/schema/jee" xmlns:lang="http://www.springframework.org/schema/lang"
	xmlns:p="http://www.springframework.org/schema/p" xmlns:task="http://www.springframework.org/schema/task"
	xsi:schemaLocation="http://www.springframework.org/schema/beans http://www.springframework.org/schema/beans/spring-beans.xsd
		http://www.springframework.org/schema/aop http://www.springframework.org/schema/aop/spring-aop-4.3.xsd
		http://www.springframework.org/schema/cache http://www.springframework.org/schema/cache/spring-cache-4.3.xsd
		http://www.springframework.org/schema/context http://www.springframework.org/schema/context/spring-context-4.3.xsd
		http://www.springframework.org/schema/jee http://www.springframework.org/schema/jee/spring-jee-4.3.xsd
		http://www.springframework.org/schema/lang http://www.springframework.org/schema/lang/spring-lang-4.3.xsd
		http://www.springframework.org/schema/task http://www.springframework.org/schema/task/spring-task-4.3.xsd">

	<!-- <bean id="placeHolderConfig"
	class="org.springframework.beans.factory.config.PropertyPlaceholderConfigurer">
	<property name="location"><value>values.properties</value></property>
	</bean> -->
	
	<bean id="sbu" class="com.cg.lab.spring.SBU">
	<property name="sbuId">
		<value>1001</value>
	</property>
	<property name="sbuName">
		<value>babai</value>
	</property>
	<property name="sbuHead">
		<value>babaihead</value>
	</property>
	<property name="empList">
		<list>
			<ref bean="emp1"/>
			<ref bean="emp2"/>
		</list>
	
	</property>
	</bean>
	
	<bean id="emp1" class="com.cg.lab.spring.Employee">
		<property name="employeeId">
			<value>101</value>
		</property>
		<property name="employeeName">
			<value>rafi</value>
		</property>
		<property name="employeeSalary">
			<value>18000</value>
		</property>
	</bean>
	
	<bean id="emp2" class="com.cg.lab.spring.Employee">
		<property name="employeeId">
			<value>102</value>
		</property>
		<property name="employeeName">
			<value>bazith</value>
		</property>
		<property name="employeeSalary">
			<value>15000</value>
		</property>
	</bean>
</beans>